"module name","license","repository"
"@babel/code-frame@7.27.1","MIT","https://github.com/babel/babel"
"@babel/helper-validator-identifier@7.27.1","MIT","https://github.com/babel/babel"
"@eslint-community/eslint-utils@4.7.0","MIT","https://github.com/eslint-community/eslint-utils"
"@eslint-community/regexpp@4.12.1","MIT","https://github.com/eslint-community/regexpp"
"@eslint/eslintrc@2.1.4","MIT","https://github.com/eslint/eslintrc"
"@eslint/js@8.57.1","MIT","https://github.com/eslint/eslint"
"@humanwhocodes/config-array@0.13.0","Apache-2.0","https://github.com/humanwhocodes/config-array"
"@humanwhocodes/module-importer@1.0.1","Apache-2.0","https://github.com/humanwhocodes/module-importer"
"@humanwhocodes/object-schema@2.0.3","BSD-3-Clause","https://github.com/humanwhocodes/object-schema"
"@inquirer/checkbox@4.2.2","MIT","https://github.com/SBoudrias/Inquirer.js"
"@inquirer/confirm@5.1.16","MIT","https://github.com/SBoudrias/Inquirer.js"
"@inquirer/core@10.2.0","MIT","https://github.com/SBoudrias/Inquirer.js"
"@inquirer/editor@4.2.18","MIT","https://github.com/SBoudrias/Inquirer.js"
"@inquirer/expand@4.0.18","MIT","https://github.com/SBoudrias/Inquirer.js"
"@inquirer/external-editor@1.0.1","MIT","https://github.com/SBoudrias/Inquirer.js"
"@inquirer/figures@1.0.13","MIT","https://github.com/SBoudrias/Inquirer.js"
"@inquirer/input@4.2.2","MIT","https://github.com/SBoudrias/Inquirer.js"
"@inquirer/number@3.0.18","MIT","https://github.com/SBoudrias/Inquirer.js"
"@inquirer/password@4.0.18","MIT","https://github.com/SBoudrias/Inquirer.js"
"@inquirer/prompts@7.8.4","MIT","https://github.com/SBoudrias/Inquirer.js"
"@inquirer/rawlist@4.1.6","MIT","https://github.com/SBoudrias/Inquirer.js"
"@inquirer/search@3.1.1","MIT","https://github.com/SBoudrias/Inquirer.js"
"@inquirer/select@4.3.2","MIT","https://github.com/SBoudrias/Inquirer.js"
"@inquirer/type@3.0.8","MIT","https://github.com/SBoudrias/Inquirer.js"
"@isaacs/cliui@8.0.2","ISC","https://github.com/yargs/cliui"
"@isaacs/string-locale-compare@1.1.0","ISC","https://github.com/isaacs/string-locale-compare"
"@kessler/tableify@1.0.2","MIT","https://github.com/kessler/node-tableify"
"@kwsites/file-exists@1.1.1","MIT","https://github.com/kwsites/file-exists"
"@kwsites/promise-deferred@1.1.1","MIT","https://github.com/kwsites/promise-deferred"
"@nodelib/fs.scandir@2.1.5","MIT","https://github.com/nodelib/nodelib/tree/master/packages/fs/fs.scandir"
"@nodelib/fs.stat@2.0.5","MIT","https://github.com/nodelib/nodelib/tree/master/packages/fs/fs.stat"
"@nodelib/fs.walk@1.2.8","MIT","https://github.com/nodelib/nodelib/tree/master/packages/fs/fs.walk"
"@npmcli/agent@2.2.2","ISC","https://github.com/npm/agent"
"@npmcli/arborist@7.5.4","ISC","https://github.com/npm/cli"
"@npmcli/fs@3.1.1","ISC","https://github.com/npm/fs"
"@npmcli/git@5.0.8","ISC","https://github.com/npm/git"
"@npmcli/installed-package-contents@2.1.0","ISC","https://github.com/npm/installed-package-contents"
"@npmcli/map-workspaces@3.0.6","ISC","https://github.com/npm/map-workspaces"
"@npmcli/metavuln-calculator@7.1.1","ISC","https://github.com/npm/metavuln-calculator"
"@npmcli/name-from-folder@2.0.0","ISC","https://github.com/npm/name-from-folder"
"@npmcli/node-gyp@3.0.0","ISC","https://github.com/npm/node-gyp"
"@npmcli/package-json@5.2.1","ISC","https://github.com/npm/package-json"
"@npmcli/promise-spawn@7.0.2","ISC","https://github.com/npm/promise-spawn"
"@npmcli/query@3.1.0","ISC","https://github.com/npm/query"
"@npmcli/redact@2.0.1","ISC","https://github.com/npm/redact"
"@npmcli/run-script@8.1.0","ISC","https://github.com/npm/run-script"
"@octokit/auth-token@5.1.2","MIT","https://github.com/octokit/auth-token.js"
"@octokit/core@6.1.6","MIT","https://github.com/octokit/core.js"
"@octokit/endpoint@10.1.4","MIT","https://github.com/octokit/endpoint.js"
"@octokit/graphql@8.2.2","MIT","https://github.com/octokit/graphql.js"
"@octokit/openapi-types@24.2.0","MIT","https://github.com/octokit/openapi-types.ts"
"@octokit/openapi-types@25.1.0","MIT","https://github.com/octokit/openapi-types.ts"
"@octokit/plugin-paginate-rest@11.6.0","MIT","https://github.com/octokit/plugin-paginate-rest.js"
"@octokit/plugin-request-log@5.3.1","MIT","https://github.com/octokit/plugin-request-log.js"
"@octokit/plugin-rest-endpoint-methods@13.5.0","MIT","https://github.com/octokit/plugin-rest-endpoint-methods.js"
"@octokit/request-error@6.1.8","MIT","https://github.com/octokit/request-error.js"
"@octokit/request@9.2.4","MIT","https://github.com/octokit/request.js"
"@octokit/rest@21.1.1","MIT","https://github.com/octokit/rest.js"
"@octokit/types@13.10.0","MIT","https://github.com/octokit/types.ts"
"@octokit/types@14.1.0","MIT","https://github.com/octokit/types.ts"
"@pkgjs/parseargs@0.11.0","MIT","https://github.com/pkgjs/parseargs"
"@pnpm/config.env-replace@1.1.0","MIT","https://github.com/pnpm/components"
"@pnpm/network.ca-file@1.0.2","MIT","https://github.com/pnpm/components"
"@pnpm/npm-conf@2.3.1","MIT","https://github.com/pnpm/npm-conf"
"@sec-ant/readable-stream@0.4.1","MIT","https://github.com/Sec-ant/readable-stream"
"@sigstore/bundle@2.3.2","Apache-2.0","https://github.com/sigstore/sigstore-js"
"@sigstore/core@1.1.0","Apache-2.0","https://github.com/sigstore/sigstore-js"
"@sigstore/protobuf-specs@0.3.3","Apache-2.0","https://github.com/sigstore/protobuf-specs"
"@sigstore/sign@2.3.2","Apache-2.0","https://github.com/sigstore/sigstore-js"
"@sigstore/tuf@2.3.4","Apache-2.0","https://github.com/sigstore/sigstore-js"
"@sigstore/verify@1.2.1","Apache-2.0","https://github.com/sigstore/sigstore-js"
"@sindresorhus/is@7.1.0","MIT","https://github.com/sindresorhus/is"
"@sindresorhus/merge-streams@2.3.0","MIT","https://github.com/sindresorhus/merge-streams"
"@szmarczak/http-timer@5.0.1","MIT","https://github.com/szmarczak/http-timer"
"@tufjs/canonical-json@2.0.0","MIT","https://github.com/theupdateframework/tuf-js"
"@tufjs/models@2.0.1","MIT","https://github.com/theupdateframework/tuf-js"
"@types/ejs@3.1.5","MIT","https://github.com/DefinitelyTyped/DefinitelyTyped"
"@types/expect@1.20.4","MIT","https://github.com/DefinitelyTyped/DefinitelyTyped"
"@types/http-cache-semantics@4.0.4","MIT","https://github.com/DefinitelyTyped/DefinitelyTyped"
"@types/lodash-es@4.17.12","MIT","https://github.com/DefinitelyTyped/DefinitelyTyped"
"@types/lodash@4.17.20","MIT","https://github.com/DefinitelyTyped/DefinitelyTyped"
"@types/node@16.18.126","MIT","https://github.com/DefinitelyTyped/DefinitelyTyped"
"@types/node@24.3.0","MIT","https://github.com/DefinitelyTyped/DefinitelyTyped"
"@types/normalize-package-data@2.4.4","MIT","https://github.com/DefinitelyTyped/DefinitelyTyped"
"@types/vinyl@2.0.12","MIT","https://github.com/DefinitelyTyped/DefinitelyTyped"
"@ungap/structured-clone@1.3.0","ISC","https://github.com/ungap/structured-clone"
"@yeoman/adapter@2.1.1","MIT","https://github.com/yeoman/yeoman-api"
"@yeoman/conflicter@2.4.0","MIT","https://github.com/yeoman/yeoman-api"
"@yeoman/namespace@1.0.1","MIT","https://github.com/yeoman/yeoman-api"
"@yeoman/transform@1.2.0","MIT","https://github.com/yeoman/yeoman-api"
"@yeoman/types@1.7.1","MIT","https://github.com/yeoman/yeoman-api"
"abbrev@1.1.1","ISC","https://github.com/isaacs/abbrev-js"
"abbrev@2.0.0","ISC","https://github.com/npm/abbrev-js"
"abort-controller@3.0.0","MIT","https://github.com/mysticatea/abort-controller"
"acorn-jsx@5.3.2","MIT","https://github.com/acornjs/acorn-jsx"
"acorn@8.15.0","MIT","https://github.com/acornjs/acorn"
"agent-base@7.1.4","MIT","https://github.com/TooTallNate/proxy-agents"
"aggregate-error@3.1.0","MIT","https://github.com/sindresorhus/aggregate-error"
"ajv@6.12.6","MIT","https://github.com/ajv-validator/ajv"
"ansi-colors@4.1.3","MIT","https://github.com/doowb/ansi-colors"
"ansi-escapes@1.4.0","MIT","https://github.com/sindresorhus/ansi-escapes"
"ansi-escapes@4.3.2","MIT","https://github.com/sindresorhus/ansi-escapes"
"ansi-regex@2.1.1","MIT","https://github.com/chalk/ansi-regex"
"ansi-regex@5.0.1","MIT","https://github.com/chalk/ansi-regex"
"ansi-regex@6.2.0","MIT","https://github.com/chalk/ansi-regex"
"ansi-regex@6.2.2","MIT","https://github.com/chalk/ansi-regex"
"ansi-styles@2.2.1","MIT","https://github.com/chalk/ansi-styles"
"ansi-styles@4.3.0","MIT","https://github.com/chalk/ansi-styles"
"ansi-styles@6.2.1","MIT","https://github.com/chalk/ansi-styles"
"ansi-styles@6.2.3","MIT","https://github.com/chalk/ansi-styles"
"ansi@0.3.1","MIT","https://github.com/TooTallNate/ansi.js"
"anymatch@3.1.3","ISC","https://github.com/micromatch/anymatch"
"are-we-there-yet@1.1.7","ISC","https://github.com/iarna/are-we-there-yet"
"argparse@2.0.1","Python-2.0","https://github.com/nodeca/argparse"
"array-differ@4.0.0","MIT","https://github.com/sindresorhus/array-differ"
"array-find-index@1.0.2","MIT","https://github.com/sindresorhus/array-find-index"
"array-union@1.0.2","MIT","https://github.com/sindresorhus/array-union"
"array-union@3.0.1","MIT","https://github.com/sindresorhus/array-union"
"array-uniq@1.0.3","MIT","https://github.com/sindresorhus/array-uniq"
"arrify@1.0.1","MIT","https://github.com/sindresorhus/arrify"
"arrify@3.0.0","MIT","https://github.com/sindresorhus/arrify"
"asn1@0.2.6","MIT","https://github.com/joyent/node-asn1"
"assert-plus@1.0.0","MIT","https://github.com/mcavage/node-assert-plus"
"async@1.5.2","MIT","https://github.com/caolan/async"
"async@3.2.6","MIT","https://github.com/caolan/async"
"asynckit@0.4.0","MIT","https://github.com/alexindigo/asynckit"
"aws-sign2@0.7.0","Apache-2.0","https://github.com/mikeal/aws-sign"
"aws4@1.13.2","MIT","https://github.com/mhart/aws4"
"b4a@1.6.7","Apache-2.0","https://github.com/holepunchto/b4a"
"balanced-match@1.0.2","MIT","https://github.com/juliangruber/balanced-match"
"bare-events@2.6.1","Apache-2.0","https://github.com/holepunchto/bare-events"
"base64-js@1.5.1","MIT","https://github.com/beatgammit/base64-js"
"bcrypt-pbkdf@1.0.2","BSD-3-Clause","https://github.com/joyent/node-bcrypt-pbkdf"
"before-after-hook@3.0.2","Apache-2.0","https://github.com/gr2m/before-after-hook"
"bin-links@4.0.4","ISC","https://github.com/npm/bin-links"
"bin-version-check@2.1.0","MIT","https://github.com/sindresorhus/bin-version-check"
"bin-version@1.0.4","MIT","https://github.com/sindresorhus/bin-version"
"binary-extensions@2.3.0","MIT","https://github.com/sindresorhus/binary-extensions"
"binaryextensions@6.11.0","Artistic-2.0","https://github.com/bevry/binaryextensions"
"boxen@0.3.1","MIT","https://github.com/sindresorhus/boxen"
"brace-expansion@1.1.12","MIT","https://github.com/juliangruber/brace-expansion"
"brace-expansion@2.0.2","MIT","https://github.com/juliangruber/brace-expansion"
"braces@3.0.3","MIT","https://github.com/micromatch/braces"
"browser-stdout@1.3.1","ISC","https://github.com/kumavis/browser-stdout"
"buffer-from@1.1.2","MIT","https://github.com/LinusU/buffer-from"
"buffer@6.0.3","MIT","https://github.com/feross/buffer"
"cacache@18.0.4","ISC","https://github.com/npm/cacache"
"cacheable-lookup@7.0.0","MIT","https://github.com/szmarczak/cacheable-lookup"
"cacheable-request@12.0.1","MIT","https://github.com/jaredwray/cacheable"
"call-bind-apply-helpers@1.0.2","MIT","https://github.com/ljharb/call-bind-apply-helpers"
"callsites@3.1.0","MIT","https://github.com/sindresorhus/callsites"
"camelcase-keys@2.1.0","MIT","https://github.com/sindresorhus/camelcase-keys"
"camelcase@2.1.1","MIT","https://github.com/sindresorhus/camelcase"
"camelcase@6.3.0","MIT","https://github.com/sindresorhus/camelcase"
"capture-stack-trace@1.0.2","MIT","https://github.com/sindresorhus/capture-stack-trace"
"caseless@0.12.0","Apache-2.0","https://github.com/mikeal/caseless"
"chalk@1.1.3","MIT","https://github.com/chalk/chalk"
"chalk@4.1.2","MIT","https://github.com/chalk/chalk"
"chalk@5.6.0","MIT","https://github.com/chalk/chalk"
"chardet@2.1.0","MIT","https://github.com/runk/node-chardet"
"chokidar@3.6.0","MIT","https://github.com/paulmillr/chokidar"
"chownr@2.0.0","ISC","https://github.com/isaacs/chownr"
"clean-stack@2.2.0","MIT","https://github.com/sindresorhus/clean-stack"
"cli-boxes@1.0.0","MIT","https://github.com/sindresorhus/cli-boxes"
"cli-boxes@3.0.0","MIT","https://github.com/sindresorhus/cli-boxes"
"cli-cursor@1.0.2","MIT","https://github.com/sindresorhus/cli-cursor"
"cli-cursor@5.0.0","MIT","https://github.com/sindresorhus/cli-cursor"
"cli-list@0.1.8","MIT","https://github.com/jamen/cli-list"
"cli-spinners@2.9.2","MIT","https://github.com/sindresorhus/cli-spinners"
"cli-table@0.3.11","MIT*","https://github.com/Automattic/cli-table"
"cli-width@1.1.1","ISC","https://github.com/knownasilya/cli-width"
"cli-width@2.2.1","ISC","https://github.com/knownasilya/cli-width"
"cli-width@4.1.0","ISC","https://github.com/knownasilya/cli-width"
"cliui@7.0.4","ISC","https://github.com/yargs/cliui"
"clone-buffer@1.0.0","MIT","https://github.com/gulpjs/clone-buffer"
"clone-regexp@1.0.1","MIT","https://github.com/sindresorhus/clone-regexp"
"clone-stats@1.0.0","MIT","https://github.com/hughsk/clone-stats"
"clone@2.1.2","MIT","https://github.com/pvorb/node-clone"
"cloneable-readable@1.1.3","MIT","https://github.com/mcollina/cloneable-readable"
"cmd-shim@6.0.3","ISC","https://github.com/npm/cmd-shim"
"code-point-at@1.1.0","MIT","https://github.com/sindresorhus/code-point-at"
"color-convert@2.0.1","MIT","https://github.com/Qix-/color-convert"
"color-name@1.1.4","MIT","https://github.com/colorjs/color-name"
"colors@1.0.3","MIT","https://github.com/Marak/colors.js"
"combined-stream@1.0.8","MIT","https://github.com/felixge/node-combined-stream"
"commander@11.1.0","MIT","https://github.com/tj/commander.js"
"common-ancestor-path@1.0.1","ISC","https://github.com/isaacs/common-ancestor-path"
"commondir@1.0.1","MIT","https://github.com/substack/node-commondir"
"concat-map@0.0.1","MIT","https://github.com/substack/node-concat-map"
"concat-stream@1.6.2","MIT","https://github.com/maxogden/concat-stream"
"config-chain@1.1.13","MIT","https://github.com/dominictarr/config-chain"
"configstore@1.4.0","BSD-2-Clause","https://github.com/yeoman/configstore"
"configstore@2.1.0","BSD-2-Clause","https://github.com/yeoman/configstore"
"core-util-is@1.0.2","MIT","https://github.com/isaacs/core-util-is"
"core-util-is@1.0.3","MIT","https://github.com/isaacs/core-util-is"
"create-error-class@3.0.2","MIT","https://github.com/floatdrop/create-error-class"
"cross-spawn@7.0.6","MIT","https://github.com/moxystudio/node-cross-spawn"
"cssesc@3.0.0","MIT","https://github.com/mathiasbynens/cssesc"
"currently-unhandled@0.4.1","MIT","https://github.com/jamestalmage/currently-unhandled"
"dashdash@1.14.1","MIT","https://github.com/trentm/node-dashdash"
"dateformat@5.0.3","MIT","https://github.com/felixge/node-dateformat"
"debug@2.6.9","MIT","https://github.com/visionmedia/debug"
"debug@4.4.1","MIT","https://github.com/debug-js/debug"
"decamelize@1.2.0","MIT","https://github.com/sindresorhus/decamelize"
"decamelize@4.0.0","MIT","https://github.com/sindresorhus/decamelize"
"decompress-response@6.0.0","MIT","https://github.com/sindresorhus/decompress-response"
"deep-extend@0.6.0","MIT","https://github.com/unclechu/node-deep-extend"
"deep-is@0.1.4","MIT","https://github.com/thlorenz/deep-is"
"default-uid@1.0.0","MIT","https://github.com/sindresorhus/default-uid"
"defer-to-connect@2.0.1","MIT","https://github.com/szmarczak/defer-to-connect"
"delayed-stream@1.0.0","MIT","https://github.com/felixge/node-delayed-stream"
"delegates@1.0.0","MIT","https://github.com/visionmedia/node-delegates"
"diff@5.2.0","BSD-3-Clause","https://github.com/kpdecker/jsdiff"
"doctrine@3.0.0","Apache-2.0","https://github.com/eslint/doctrine"
"dot-prop@8.0.2","MIT","https://github.com/sindresorhus/dot-prop"
"downgrade-root@1.2.2","MIT","https://github.com/sindresorhus/downgrade-root"
"dunder-proto@1.0.1","MIT","https://github.com/es-shims/dunder-proto"
"duplexer2@0.1.4","BSD-3-Clause","https://github.com/deoxxa/duplexer2"
"each-async@1.1.1","MIT","https://github.com/sindresorhus/each-async"
"eastasianwidth@0.2.0","MIT","https://github.com/komagata/eastasianwidth"
"ecc-jsbn@0.1.2","MIT","https://github.com/quartzjer/ecc-jsbn"
"editions@6.22.0","Artistic-2.0","https://github.com/bevry/editions"
"ejs@3.1.10","Apache-2.0","https://github.com/mde/ejs"
"emoji-regex@10.4.0","MIT","https://github.com/mathiasbynens/emoji-regex"
"emoji-regex@8.0.0","MIT","https://github.com/mathiasbynens/emoji-regex"
"emoji-regex@9.2.2","MIT","https://github.com/mathiasbynens/emoji-regex"
"encoding@0.1.13","MIT","https://github.com/andris9/encoding"
"env-paths@2.2.1","MIT","https://github.com/sindresorhus/env-paths"
"env-paths@3.0.0","MIT","https://github.com/sindresorhus/env-paths"
"eol@0.10.0","MIT","https://github.com/ryanve/eol"
"err-code@2.0.3","MIT","https://github.com/IndigoUnited/js-err-code"
"error-ex@1.3.2","MIT","https://github.com/qix-/node-error-ex"
"es-define-property@1.0.1","MIT","https://github.com/ljharb/es-define-property"
"es-errors@1.3.0","MIT","https://github.com/ljharb/es-errors"
"es-object-atoms@1.1.1","MIT","https://github.com/ljharb/es-object-atoms"
"es-set-tostringtag@2.1.0","MIT","https://github.com/es-shims/es-set-tostringtag"
"escalade@3.2.0","MIT","https://github.com/lukeed/escalade"
"escape-string-regexp@1.0.5","MIT","https://github.com/sindresorhus/escape-string-regexp"
"escape-string-regexp@4.0.0","MIT","https://github.com/sindresorhus/escape-string-regexp"
"eslint-scope@7.2.2","BSD-2-Clause","https://github.com/eslint/eslint-scope"
"eslint-visitor-keys@3.4.3","Apache-2.0","https://github.com/eslint/eslint-visitor-keys"
"eslint@8.57.1","MIT","https://github.com/eslint/eslint"
"espree@9.6.1","BSD-2-Clause","https://github.com/eslint/espree"
"esquery@1.6.0","BSD-3-Clause","https://github.com/estools/esquery"
"esrecurse@4.3.0","BSD-2-Clause","https://github.com/estools/esrecurse"
"estraverse@5.3.0","BSD-2-Clause","https://github.com/estools/estraverse"
"esutils@2.0.3","BSD-2-Clause","https://github.com/estools/esutils"
"event-target-shim@5.0.1","MIT","https://github.com/mysticatea/event-target-shim"
"eventemitter3@5.0.1","MIT","https://github.com/primus/eventemitter3"
"events@3.3.0","MIT","https://github.com/Gozala/events"
"execa@7.2.0","MIT","https://github.com/sindresorhus/execa"
"execa@8.0.1","MIT","https://github.com/sindresorhus/execa"
"execall@1.0.0","MIT","https://github.com/sindresorhus/execall"
"exit-hook@1.1.1","MIT","https://github.com/sindresorhus/exit-hook"
"exponential-backoff@3.1.2","Apache-2.0","https://github.com/coveooss/exponential-backoff"
"extend@3.0.2","MIT","https://github.com/justmoon/node-extend"
"external-editor@1.1.1","MIT","https://github.com/mrkmg/node-external-editor"
"extsprintf@1.3.0","MIT","https://github.com/davepacheco/node-extsprintf"
"fast-content-type-parse@2.0.1","MIT","https://github.com/fastify/fast-content-type-parse"
"fast-deep-equal@3.1.3","MIT","https://github.com/epoberezkin/fast-deep-equal"
"fast-fifo@1.3.2","MIT","https://github.com/mafintosh/fast-fifo"
"fast-glob@3.3.3","MIT","https://github.com/mrmlnc/fast-glob"
"fast-json-stable-stringify@2.1.0","MIT","https://github.com/epoberezkin/fast-json-stable-stringify"
"fast-levenshtein@2.0.6","MIT","https://github.com/hiddentao/fast-levenshtein"
"fastq@1.19.1","ISC","https://github.com/mcollina/fastq"
"figures@1.7.0","MIT","https://github.com/sindresorhus/figures"
"file-entry-cache@6.0.1","MIT","https://github.com/royriojas/file-entry-cache"
"filelist@1.0.4","Apache-2.0","https://github.com/mde/filelist"
"fill-range@7.1.1","MIT","https://github.com/jonschlinkert/fill-range"
"filled-array@1.1.0","MIT","https://github.com/sindresorhus/filled-array"
"find-up-simple@1.0.1","MIT","https://github.com/sindresorhus/find-up-simple"
"find-up@1.1.2","MIT","https://github.com/sindresorhus/find-up"
"find-up@5.0.0","MIT","https://github.com/sindresorhus/find-up"
"find-up@6.3.0","MIT","https://github.com/sindresorhus/find-up"
"find-versions@1.2.1","MIT","https://github.com/sindresorhus/find-versions"
"first-chunk-stream@2.0.0","MIT","https://github.com/sindresorhus/first-chunk-stream"
"first-chunk-stream@5.0.0","MIT","https://github.com/sindresorhus/first-chunk-stream"
"flat-cache@3.2.0","MIT","https://github.com/jaredwray/flat-cache"
"flat@5.0.2","BSD-3-Clause","https://github.com/hughsk/flat"
"flatted@3.3.3","ISC","https://github.com/WebReflection/flatted"
"fly-import@0.4.1","MIT*",""
"foreachasync@3.0.0","Apache*","https://github.com/FuturesJS/forEachAsync"
"foreground-child@3.3.1","ISC","https://github.com/tapjs/foreground-child"
"forever-agent@0.6.1","Apache-2.0","https://github.com/mikeal/forever-agent"
"form-data-encoder@4.1.0","MIT","https://github.com/octet-stream/form-data-encoder"
"form-data@2.5.5","MIT","https://github.com/form-data/form-data"
"fs-minipass@2.1.0","ISC","https://github.com/npm/fs-minipass"
"fs-minipass@3.0.3","ISC","https://github.com/npm/fs-minipass"
"fs.realpath@1.0.0","ISC","https://github.com/isaacs/fs.realpath"
"fsevents@2.3.3","MIT","https://github.com/fsevents/fsevents"
"fullname@2.1.0","MIT","https://github.com/sindresorhus/fullname"
"function-bind@1.1.2","MIT","https://github.com/Raynos/function-bind"
"gauge@1.2.7","ISC","https://github.com/iarna/gauge"
"get-caller-file@2.0.5","ISC","https://github.com/stefanpenner/get-caller-file"
"get-east-asian-width@1.3.0","MIT","https://github.com/sindresorhus/get-east-asian-width"
"get-intrinsic@1.3.0","MIT","https://github.com/ljharb/get-intrinsic"
"get-proto@1.0.1","MIT","https://github.com/ljharb/get-proto"
"get-stdin@4.0.1","MIT","https://github.com/sindresorhus/get-stdin"
"get-stdin@5.0.1","MIT","https://github.com/sindresorhus/get-stdin"
"get-stream@6.0.1","MIT","https://github.com/sindresorhus/get-stream"
"get-stream@8.0.1","MIT","https://github.com/sindresorhus/get-stream"
"get-stream@9.0.1","MIT","https://github.com/sindresorhus/get-stream"
"getpass@0.1.7","MIT","https://github.com/arekinath/node-getpass"
"github-username@9.0.0","MIT","https://github.com/sindresorhus/github-username"
"glob-parent@5.1.2","ISC","https://github.com/gulpjs/glob-parent"
"glob-parent@6.0.2","ISC","https://github.com/gulpjs/glob-parent"
"glob@10.4.5","ISC","https://github.com/isaacs/node-glob"
"glob@6.0.4","ISC","https://github.com/isaacs/node-glob"
"glob@7.2.3","ISC","https://github.com/isaacs/node-glob"
"glob@8.1.0","ISC","https://github.com/isaacs/node-glob"
"globals@13.24.0","MIT","https://github.com/sindresorhus/globals"
"globby@14.1.0","MIT","https://github.com/sindresorhus/globby"
"globby@4.1.0","MIT","https://github.com/sindresorhus/globby"
"gopd@1.2.0","MIT","https://github.com/ljharb/gopd"
"got@14.4.9","MIT","https://github.com/sindresorhus/got"
"got@5.6.0","MIT","https://github.com/sindresorhus/got"
"graceful-fs@4.2.10","ISC","https://github.com/isaacs/node-graceful-fs"
"graphemer@1.4.0","MIT","https://github.com/flmnt/graphemer"
"grouped-queue@0.3.3","MIT","https://github.com/SBoudrias/grouped-queue"
"grouped-queue@2.1.0","MIT","https://github.com/SBoudrias/grouped-queue"
"har-schema@2.0.0","ISC","https://github.com/ahmadnassri/har-schema"
"har-validator@5.1.5","MIT","https://github.com/ahmadnassri/node-har-validator"
"has-ansi@2.0.0","MIT","https://github.com/sindresorhus/has-ansi"
"has-flag@1.0.0","MIT","https://github.com/sindresorhus/has-flag"
"has-flag@4.0.0","MIT","https://github.com/sindresorhus/has-flag"
"has-symbols@1.1.0","MIT","https://github.com/inspect-js/has-symbols"
"has-tostringtag@1.0.2","MIT","https://github.com/inspect-js/has-tostringtag"
"has-unicode@2.0.1","ISC","https://github.com/iarna/has-unicode"
"hasown@2.0.2","MIT","https://github.com/inspect-js/hasOwn"
"he@1.2.0","MIT","https://github.com/mathiasbynens/he"
"hosted-git-info@2.8.9","ISC","https://github.com/npm/hosted-git-info"
"hosted-git-info@7.0.2","ISC","https://github.com/npm/hosted-git-info"
"http-cache-semantics@4.2.0","BSD-2-Clause","https://github.com/kornelski/http-cache-semantics"
"http-proxy-agent@7.0.2","MIT","https://github.com/TooTallNate/proxy-agents"
"http-signature@1.2.0","MIT","https://github.com/joyent/node-http-signature"
"http2-wrapper@2.2.1","MIT","https://github.com/szmarczak/http2-wrapper"
"https-proxy-agent@7.0.6","MIT","https://github.com/TooTallNate/proxy-agents"
"human-signals@4.3.1","Apache-2.0","https://github.com/ehmicky/human-signals"
"human-signals@5.0.0","Apache-2.0","https://github.com/ehmicky/human-signals"
"humanize-string@1.0.2","MIT","https://github.com/sindresorhus/humanize-string"
"iconv-lite@0.6.3","MIT","https://github.com/ashtuchkin/iconv-lite"
"ieee754@1.2.1","BSD-3-Clause","https://github.com/feross/ieee754"
"ignore-walk@6.0.5","ISC","https://github.com/npm/ignore-walk"
"ignore@5.3.2","MIT","https://github.com/kaelzhang/node-ignore"
"ignore@7.0.5","MIT","https://github.com/kaelzhang/node-ignore"
"import-fresh@3.3.1","MIT","https://github.com/sindresorhus/import-fresh"
"imurmurhash@0.1.4","MIT","https://github.com/jensyt/imurmurhash-js"
"indent-string@2.1.0","MIT","https://github.com/sindresorhus/indent-string"
"indent-string@4.0.0","MIT","https://github.com/sindresorhus/indent-string"
"index-to-position@1.1.0","MIT","https://github.com/sindresorhus/index-to-position"
"inflight@1.0.6","ISC","https://github.com/npm/inflight"
"inherits@2.0.4","ISC","https://github.com/isaacs/inherits"
"ini@1.3.8","ISC","https://github.com/isaacs/ini"
"ini@4.1.3","ISC","https://github.com/npm/ini"
"ini@5.0.0","ISC","https://github.com/npm/ini"
"inquirer@0.10.1","MIT","https://github.com/SBoudrias/Inquirer.js"
"inquirer@0.11.4","MIT","https://github.com/SBoudrias/Inquirer.js"
"inquirer@1.2.3","MIT","https://github.com/SBoudrias/Inquirer.js"
"inquirer@12.9.4","MIT","https://github.com/SBoudrias/Inquirer.js"
"insight@0.7.0","BSD-2-Clause","https://github.com/yeoman/insight"
"ip-address@10.0.1","MIT","https://github.com/beaugunderson/ip-address"
"is-arrayish@0.2.1","MIT","https://github.com/qix-/node-is-arrayish"
"is-binary-path@2.1.0","MIT","https://github.com/sindresorhus/is-binary-path"
"is-core-module@2.16.1","MIT","https://github.com/inspect-js/is-core-module"
"is-docker@1.1.0","MIT","https://github.com/sindresorhus/is-docker"
"is-extglob@2.1.1","MIT","https://github.com/jonschlinkert/is-extglob"
"is-finite@1.1.0","MIT","https://github.com/sindresorhus/is-finite"
"is-fullwidth-code-point@1.0.0","MIT","https://github.com/sindresorhus/is-fullwidth-code-point"
"is-fullwidth-code-point@3.0.0","MIT","https://github.com/sindresorhus/is-fullwidth-code-point"
"is-glob@4.0.3","MIT","https://github.com/micromatch/is-glob"
"is-interactive@2.0.0","MIT","https://github.com/sindresorhus/is-interactive"
"is-lambda@1.0.1","MIT","https://github.com/watson/is-lambda"
"is-npm@1.0.0","MIT","https://github.com/sindresorhus/is-npm"
"is-number@7.0.0","MIT","https://github.com/jonschlinkert/is-number"
"is-path-inside@3.0.3","MIT","https://github.com/sindresorhus/is-path-inside"
"is-plain-obj@1.1.0","MIT","https://github.com/sindresorhus/is-plain-obj"
"is-plain-obj@2.1.0","MIT","https://github.com/sindresorhus/is-plain-obj"
"is-plain-obj@4.1.0","MIT","https://github.com/sindresorhus/is-plain-obj"
"is-redirect@1.0.0","MIT","https://github.com/sindresorhus/is-redirect"
"is-regexp@1.0.0","MIT","https://github.com/sindresorhus/is-regexp"
"is-retry-allowed@1.2.0","MIT","https://github.com/floatdrop/is-retry-allowed"
"is-root@1.0.0","MIT","https://github.com/sindresorhus/is-root"
"is-stream@1.1.0","MIT","https://github.com/sindresorhus/is-stream"
"is-stream@3.0.0","MIT","https://github.com/sindresorhus/is-stream"
"is-stream@4.0.1","MIT","https://github.com/sindresorhus/is-stream"
"is-supported-regexp-flag@1.0.1","MIT","https://github.com/sindresorhus/is-supported-regexp-flag"
"is-typedarray@1.0.0","MIT","https://github.com/hughsk/is-typedarray"
"is-unicode-supported@0.1.0","MIT","https://github.com/sindresorhus/is-unicode-supported"
"is-unicode-supported@1.3.0","MIT","https://github.com/sindresorhus/is-unicode-supported"
"is-unicode-supported@2.1.0","MIT","https://github.com/sindresorhus/is-unicode-supported"
"is-utf8@0.2.1","MIT","https://github.com/wayfind/is-utf8"
"isarray@1.0.0","MIT","https://github.com/juliangruber/isarray"
"isbinaryfile@5.0.3","MIT","https://github.com/gjtorikian/isBinaryFile"
"isexe@2.0.0","ISC","https://github.com/isaacs/isexe"
"isexe@3.1.1","ISC","https://github.com/isaacs/isexe"
"isstream@0.1.2","MIT","https://github.com/rvagg/isstream"
"jackspeak@3.4.3","BlueOak-1.0.0","https://github.com/isaacs/jackspeak"
"jake@10.9.4","Apache-2.0","https://github.com/jakejs/jake"
"js-tokens@4.0.0","MIT","https://github.com/lydell/js-tokens"
"js-yaml@4.1.0","MIT","https://github.com/nodeca/js-yaml"
"jsbn@0.1.1","MIT","https://github.com/andyperlitch/jsbn"
"json-buffer@3.0.1","MIT","https://github.com/dominictarr/json-buffer"
"json-format@1.0.1","MIT","https://github.com/luizstacio/json-format"
"json-parse-even-better-errors@3.0.2","MIT","https://github.com/npm/json-parse-even-better-errors"
"json-schema-traverse@0.4.1","MIT","https://github.com/epoberezkin/json-schema-traverse"
"json-schema@0.4.0","(AFL-2.1 OR BSD-3-Clause)","https://github.com/kriszyp/json-schema"
"json-stable-stringify-without-jsonify@1.0.1","MIT","https://github.com/samn/json-stable-stringify"
"json-stringify-nice@1.1.4","ISC","https://github.com/isaacs/json-stringify-nice"
"json-stringify-safe@5.0.1","ISC","https://github.com/isaacs/json-stringify-safe"
"jsonparse@1.3.1","MIT","https://github.com/creationix/jsonparse"
"jsprim@1.4.2","MIT","https://github.com/joyent/node-jsprim"
"just-diff-apply@5.5.0","MIT","https://github.com/angus-c/just"
"just-diff@6.0.2","MIT","https://github.com/angus-c/just"
"keyv@4.5.4","MIT","https://github.com/jaredwray/keyv"
"ky@1.9.0","MIT","https://github.com/sindresorhus/ky"
"latest-version@2.0.0","MIT","https://github.com/sindresorhus/latest-version"
"latest-version@9.0.0","MIT","https://github.com/sindresorhus/latest-version"
"levn@0.4.1","MIT","https://github.com/gkz/levn"
"license-report@6.8.0","MIT","https://github.com/kessler/license-report"
"load-json-file@1.1.0","MIT","https://github.com/sindresorhus/load-json-file"
"locate-path@6.0.0","MIT","https://github.com/sindresorhus/locate-path"
"locate-path@7.2.0","MIT","https://github.com/sindresorhus/locate-path"
"lodash-es@4.17.21","MIT","https://github.com/lodash/lodash"
"lodash._getnative@3.9.1","MIT","https://github.com/lodash/lodash"
"lodash.debounce@3.1.1","MIT","https://github.com/lodash/lodash"
"lodash.merge@4.6.2","MIT","https://github.com/lodash/lodash"
"lodash.pad@4.5.1","MIT","https://github.com/lodash/lodash"
"lodash.padend@4.6.1","MIT","https://github.com/lodash/lodash"
"lodash.padstart@4.6.1","MIT","https://github.com/lodash/lodash"
"lodash@4.17.21","MIT","https://github.com/lodash/lodash"
"log-symbols@1.0.2","MIT","https://github.com/sindresorhus/log-symbols"
"log-symbols@4.1.0","MIT","https://github.com/sindresorhus/log-symbols"
"log-symbols@6.0.0","MIT","https://github.com/sindresorhus/log-symbols"
"log-symbols@7.0.1","MIT","https://github.com/sindresorhus/log-symbols"
"loud-rejection@1.6.0","MIT","https://github.com/sindresorhus/loud-rejection"
"lower-case@2.0.2","MIT","https://github.com/blakeembrey/change-case"
"lowercase-keys@1.0.1","MIT","https://github.com/sindresorhus/lowercase-keys"
"lowercase-keys@3.0.0","MIT","https://github.com/sindresorhus/lowercase-keys"
"lru-cache@10.4.3","ISC","https://github.com/isaacs/node-lru-cache"
"make-fetch-happen@13.0.1","ISC","https://github.com/npm/make-fetch-happen"
"map-obj@1.0.1","MIT","https://github.com/sindresorhus/map-obj"
"math-intrinsics@1.1.0","MIT","https://github.com/es-shims/math-intrinsics"
"mem-fs-editor@11.1.4","MIT","https://github.com/SBoudrias/mem-fs-editor"
"mem-fs@1.2.0","MIT","https://github.com/SBoudrias/mem-fs"
"mem-fs@4.1.2","MIT","https://github.com/SBoudrias/mem-fs"
"meow@12.1.1","MIT","https://github.com/sindresorhus/meow"
"meow@3.7.0","MIT","https://github.com/sindresorhus/meow"
"merge-stream@2.0.0","MIT","https://github.com/grncdr/merge-stream"
"merge2@1.4.1","MIT","https://github.com/teambition/merge2"
"micromatch@4.0.8","MIT","https://github.com/micromatch/micromatch"
"mime-db@1.52.0","MIT","https://github.com/jshttp/mime-db"
"mime-types@2.1.35","MIT","https://github.com/jshttp/mime-types"
"mimic-fn@4.0.0","MIT","https://github.com/sindresorhus/mimic-fn"
"mimic-function@5.0.1","MIT","https://github.com/sindresorhus/mimic-function"
"mimic-response@3.1.0","MIT","https://github.com/sindresorhus/mimic-response"
"mimic-response@4.0.0","MIT","https://github.com/sindresorhus/mimic-response"
"minimatch@3.0.8","ISC","https://github.com/isaacs/minimatch"
"minimatch@3.1.2","ISC","https://github.com/isaacs/minimatch"
"minimatch@5.1.6","ISC","https://github.com/isaacs/minimatch"
"minimatch@9.0.5","ISC","https://github.com/isaacs/minimatch"
"minimist@1.2.8","MIT","https://github.com/minimistjs/minimist"
"minipass-collect@2.0.1","ISC","https://github.com/isaacs/minipass-collect"
"minipass-fetch@3.0.5","MIT","https://github.com/npm/minipass-fetch"
"minipass-flush@1.0.5","ISC","https://github.com/isaacs/minipass-flush"
"minipass-pipeline@1.2.4","ISC",""
"minipass-sized@1.0.3","ISC","https://github.com/isaacs/minipass-sized"
"minipass@3.3.6","ISC","https://github.com/isaacs/minipass"
"minipass@5.0.0","ISC","https://github.com/isaacs/minipass"
"minipass@7.1.2","ISC","https://github.com/isaacs/minipass"
"minizlib@2.1.2","MIT","https://github.com/isaacs/minizlib"
"mkdirp@0.5.6","MIT","https://github.com/substack/node-mkdirp"
"mkdirp@1.0.4","MIT","https://github.com/isaacs/node-mkdirp"
"mocha@10.8.2","MIT","https://github.com/mochajs/mocha"
"ms@2.0.0","MIT","https://github.com/zeit/ms"
"ms@2.1.3","MIT","https://github.com/vercel/ms"
"multimatch@7.0.0","MIT","https://github.com/sindresorhus/multimatch"
"mute-stream@0.0.5","ISC","https://github.com/isaacs/mute-stream"
"mute-stream@0.0.6","ISC","https://github.com/isaacs/mute-stream"
"mute-stream@2.0.0","ISC","https://github.com/npm/mute-stream"
"natural-compare@1.4.0","MIT","https://github.com/litejs/natural-compare-lite"
"negotiator@0.6.4","MIT","https://github.com/jshttp/negotiator"
"no-case@3.0.4","MIT","https://github.com/blakeembrey/change-case"
"node-gyp@10.3.1","MIT","https://github.com/nodejs/node-gyp"
"node-status-codes@1.0.0","MIT","https://github.com/sindresorhus/node-status-codes"
"nopt@3.0.6","ISC","https://github.com/npm/nopt"
"nopt@7.2.1","ISC","https://github.com/npm/nopt"
"normalize-package-data@2.5.0","BSD-2-Clause","https://github.com/npm/normalize-package-data"
"normalize-package-data@6.0.2","BSD-2-Clause","https://github.com/npm/normalize-package-data"
"normalize-path@3.0.0","MIT","https://github.com/jonschlinkert/normalize-path"
"normalize-url@8.1.0","MIT","https://github.com/sindresorhus/normalize-url"
"npm-bundled@3.0.1","ISC","https://github.com/npm/npm-bundled"
"npm-force-resolutions@0.0.10","MIT","https://github.com/rogeriochaves/npm-force-resolutions"
"npm-install-checks@6.3.0","BSD-2-Clause","https://github.com/npm/npm-install-checks"
"npm-keyword@4.2.0","MIT","https://github.com/sindresorhus/npm-keyword"
"npm-normalize-package-bin@3.0.1","ISC","https://github.com/npm/npm-normalize-package-bin"
"npm-package-arg@11.0.3","ISC","https://github.com/npm/npm-package-arg"
"npm-packlist@8.0.2","ISC","https://github.com/npm/npm-packlist"
"npm-pick-manifest@9.1.0","ISC","https://github.com/npm/npm-pick-manifest"
"npm-registry-fetch@17.1.0","ISC","https://github.com/npm/npm-registry-fetch"
"npm-run-path@5.3.0","MIT","https://github.com/sindresorhus/npm-run-path"
"npmconf@2.1.3","ISC","https://github.com/npm/npmconf"
"npmlog@2.0.4","ISC","https://github.com/npm/npmlog"
"number-is-nan@1.0.1","MIT","https://github.com/sindresorhus/number-is-nan"
"oauth-sign@0.9.0","Apache-2.0","https://github.com/mikeal/oauth-sign"
"object-assign@4.1.1","MIT","https://github.com/sindresorhus/object-assign"
"object-values@1.0.0","MIT","https://github.com/sindresorhus/object-values"
"once@1.3.3","ISC","https://github.com/isaacs/once"
"once@1.4.0","ISC","https://github.com/isaacs/once"
"onetime@1.1.0","MIT","https://github.com/sindresorhus/onetime"
"onetime@6.0.0","MIT","https://github.com/sindresorhus/onetime"
"onetime@7.0.0","MIT","https://github.com/sindresorhus/onetime"
"opn@3.0.3","MIT","https://github.com/sindresorhus/opn"
"optionator@0.9.4","MIT","https://github.com/gkz/optionator"
"ora@8.2.0","MIT","https://github.com/sindresorhus/ora"
"os-homedir@1.0.2","MIT","https://github.com/sindresorhus/os-homedir"
"os-name@1.0.3","MIT","https://github.com/sindresorhus/os-name"
"os-shim@0.1.3","MIT","https://github.com/h2non/node-os-shim"
"os-tmpdir@1.0.2","MIT","https://github.com/sindresorhus/os-tmpdir"
"osenv@0.1.5","ISC","https://github.com/npm/osenv"
"osx-release@1.1.0","MIT","https://github.com/sindresorhus/osx-release"
"p-cancelable@4.0.1","MIT","https://github.com/sindresorhus/p-cancelable"
"p-limit@3.1.0","MIT","https://github.com/sindresorhus/p-limit"
"p-limit@4.0.0","MIT","https://github.com/sindresorhus/p-limit"
"p-locate@5.0.0","MIT","https://github.com/sindresorhus/p-locate"
"p-locate@6.0.0","MIT","https://github.com/sindresorhus/p-locate"
"p-map@4.0.0","MIT","https://github.com/sindresorhus/p-map"
"p-queue@7.4.1","MIT","https://github.com/sindresorhus/p-queue"
"p-queue@8.1.0","MIT","https://github.com/sindresorhus/p-queue"
"p-timeout@5.1.0","MIT","https://github.com/sindresorhus/p-timeout"
"p-timeout@6.1.4","MIT","https://github.com/sindresorhus/p-timeout"
"p-transform@4.1.6","Apache-2.0","https://github.com/mshima/p-transform"
"package-json-from-dist@1.0.1","BlueOak-1.0.0","https://github.com/isaacs/package-json-from-dist"
"package-json@10.0.1","MIT","https://github.com/sindresorhus/package-json"
"package-json@2.4.0","MIT","https://github.com/sindresorhus/package-json"
"pacote@18.0.6","ISC","https://github.com/npm/pacote"
"pad-component@0.0.1","MIT*",""
"parent-module@1.0.1","MIT","https://github.com/sindresorhus/parent-module"
"parse-conflict-json@3.0.1","ISC","https://github.com/npm/parse-conflict-json"
"parse-help@0.1.1","MIT","https://github.com/sindresorhus/parse-help"
"parse-json@2.2.0","MIT","https://github.com/sindresorhus/parse-json"
"parse-json@8.3.0","MIT","https://github.com/sindresorhus/parse-json"
"path-exists@2.1.0","MIT","https://github.com/sindresorhus/path-exists"
"path-exists@4.0.0","MIT","https://github.com/sindresorhus/path-exists"
"path-exists@5.0.0","MIT","https://github.com/sindresorhus/path-exists"
"path-is-absolute@1.0.1","MIT","https://github.com/sindresorhus/path-is-absolute"
"path-key@3.1.1","MIT","https://github.com/sindresorhus/path-key"
"path-key@4.0.0","MIT","https://github.com/sindresorhus/path-key"
"path-parse@1.0.7","MIT","https://github.com/jbgutierrez/path-parse"
"path-scurry@1.11.1","BlueOak-1.0.0","https://github.com/isaacs/path-scurry"
"path-type@1.1.0","MIT","https://github.com/sindresorhus/path-type"
"path-type@6.0.0","MIT","https://github.com/sindresorhus/path-type"
"performance-now@2.1.0","MIT","https://github.com/braveg1rl/performance-now"
"picocolors@1.1.1","ISC","https://github.com/alexeyraspopov/picocolors"
"picomatch@2.3.1","MIT","https://github.com/micromatch/picomatch"
"pify@2.3.0","MIT","https://github.com/sindresorhus/pify"
"pinkie-promise@2.0.1","MIT","https://github.com/floatdrop/pinkie-promise"
"pinkie@2.0.4","MIT","https://github.com/floatdrop/pinkie"
"postcss-selector-parser@6.1.2","MIT","https://github.com/postcss/postcss-selector-parser"
"prelude-ls@1.2.1","MIT","https://github.com/gkz/prelude-ls"
"prepend-http@1.0.4","MIT","https://github.com/sindresorhus/prepend-http"
"pretty-bytes@6.1.1","MIT","https://github.com/sindresorhus/pretty-bytes"
"proc-log@4.2.0","ISC","https://github.com/npm/proc-log"
"process-nextick-args@2.0.1","MIT","https://github.com/calvinmetcalf/process-nextick-args"
"process@0.11.10","MIT","https://github.com/shtylman/node-process"
"proggy@2.0.0","ISC","https://github.com/npm/proggy"
"promise-all-reject-late@1.0.1","ISC",""
"promise-call-limit@3.0.2","ISC","https://github.com/isaacs/promise-call-limit"
"promise-inflight@1.0.1","ISC","https://github.com/iarna/promise-inflight"
"promise-retry@2.0.1","MIT","https://github.com/IndigoUnited/node-promise-retry"
"proto-list@1.2.4","ISC","https://github.com/isaacs/proto-list"
"psl@1.15.0","MIT","https://github.com/lupomontero/psl"
"punycode@2.3.1","MIT","https://github.com/mathiasbynens/punycode.js"
"qs@6.5.3","BSD-3-Clause","https://github.com/ljharb/qs"
"queue-microtask@1.2.3","MIT","https://github.com/feross/queue-microtask"
"quick-lru@5.1.1","MIT","https://github.com/sindresorhus/quick-lru"
"randombytes@2.1.0","MIT","https://github.com/crypto-browserify/randombytes"
"rc@1.2.8","(BSD-2-Clause OR MIT OR Apache-2.0)","https://github.com/dominictarr/rc"
"read-all-stream@3.1.0","MIT","https://github.com/floatdrop/read-all-stream"
"read-cmd-shim@4.0.0","ISC","https://github.com/npm/read-cmd-shim"
"read-package-json-fast@3.0.2","ISC","https://github.com/npm/read-package-json-fast"
"read-package-up@11.0.0","MIT","https://github.com/sindresorhus/read-package-up"
"read-pkg-up@1.0.1","MIT","https://github.com/sindresorhus/read-pkg-up"
"read-pkg@1.1.0","MIT","https://github.com/sindresorhus/read-pkg"
"read-pkg@9.0.1","MIT","https://github.com/sindresorhus/read-pkg"
"readable-stream@2.3.8","MIT","https://github.com/nodejs/readable-stream"
"readable-stream@4.7.0","MIT","https://github.com/nodejs/readable-stream"
"readdirp@3.6.0","MIT","https://github.com/paulmillr/readdirp"
"readline2@1.0.1","MIT","https://github.com/SBoudrias/readline2"
"redent@1.0.0","MIT","https://github.com/sindresorhus/redent"
"registry-auth-token@3.4.0","MIT","https://github.com/rexxars/registry-auth-token"
"registry-auth-token@5.1.0","MIT","https://github.com/rexxars/registry-auth-token"
"registry-url@3.1.0","MIT","https://github.com/sindresorhus/registry-url"
"registry-url@6.0.1","MIT","https://github.com/sindresorhus/registry-url"
"remove-trailing-separator@1.1.0","ISC","https://github.com/darsain/remove-trailing-separator"
"repeating@2.0.1","MIT","https://github.com/sindresorhus/repeating"
"replace-ext@1.0.1","MIT","https://github.com/gulpjs/replace-ext"
"replace-ext@2.0.0","MIT","https://github.com/gulpjs/replace-ext"
"request@2.88.2","Apache-2.0","https://github.com/request/request"
"require-directory@2.1.1","MIT","https://github.com/troygoode/node-require-directory"
"resolve-alpn@1.2.1","MIT","https://github.com/szmarczak/resolve-alpn"
"resolve-from@4.0.0","MIT","https://github.com/sindresorhus/resolve-from"
"resolve@1.22.10","MIT","https://github.com/browserify/resolve"
"responselike@3.0.0","MIT","https://github.com/sindresorhus/responselike"
"restore-cursor@1.0.1","MIT","https://github.com/sindresorhus/restore-cursor"
"restore-cursor@5.1.0","MIT","https://github.com/sindresorhus/restore-cursor"
"retry@0.12.0","MIT","https://github.com/tim-kos/node-retry"
"reusify@1.1.0","MIT","https://github.com/mcollina/reusify"
"rimraf@3.0.2","ISC","https://github.com/isaacs/rimraf"
"root-check@1.0.0","MIT","https://github.com/sindresorhus/root-check"
"run-async@0.1.0","MIT","https://github.com/SBoudrias/run-async"
"run-async@2.4.1","MIT","https://github.com/SBoudrias/run-async"
"run-async@4.0.6","MIT","https://github.com/SBoudrias/run-async"
"run-parallel@1.2.0","MIT","https://github.com/feross/run-parallel"
"rx-lite@3.1.2","Apache License, Version 2.0","https://github.com/Reactive-Extensions/RxJS"
"rx@4.1.0","Apache-2.0","https://github.com/Reactive-Extensions/RxJS"
"rxjs@7.8.2","Apache-2.0","https://github.com/reactivex/rxjs"
"safe-buffer@5.1.2","MIT","https://github.com/feross/safe-buffer"
"safe-buffer@5.2.1","MIT","https://github.com/feross/safe-buffer"
"safer-buffer@2.1.2","MIT","https://github.com/ChALkeR/safer-buffer"
"ml-container-creator@0.1.0","UNLICENSED",""
"semver-diff@2.1.0","MIT","https://github.com/sindresorhus/semver-diff"
"semver-regex@3.1.4","MIT","https://github.com/sindresorhus/semver-regex"
"semver-truncate@1.1.2","MIT","https://github.com/sindresorhus/semver-truncate"
"semver@7.7.2","ISC","https://github.com/npm/node-semver"
"sentence-case@3.0.4","MIT","https://github.com/blakeembrey/change-case"
"serialize-javascript@6.0.2","BSD-3-Clause","https://github.com/yahoo/serialize-javascript"
"set-immediate-shim@1.0.1","MIT","https://github.com/sindresorhus/set-immediate-shim"
"shebang-command@2.0.0","MIT","https://github.com/kevva/shebang-command"
"shebang-regex@3.0.0","MIT","https://github.com/sindresorhus/shebang-regex"
"signal-exit@3.0.7","ISC","https://github.com/tapjs/signal-exit"
"signal-exit@4.1.0","ISC","https://github.com/tapjs/signal-exit"
"sigstore@2.3.1","Apache-2.0","https://github.com/sigstore/sigstore-js"
"simple-git@3.28.0","MIT","https://github.com/steveukx/git-js"
"slash@5.1.0","MIT","https://github.com/sindresorhus/slash"
"slide@1.1.6","ISC","https://github.com/isaacs/slide-flow-control"
"smart-buffer@4.2.0","MIT","https://github.com/JoshGlazebrook/smart-buffer"
"socks-proxy-agent@8.0.5","MIT","https://github.com/TooTallNate/proxy-agents"
"socks@2.8.7","MIT","https://github.com/JoshGlazebrook/socks"
"sort-keys@5.1.0","MIT","https://github.com/sindresorhus/sort-keys"
"sort-on@1.3.0","MIT","https://github.com/sindresorhus/sort-on"
"source-map-support@0.5.21","MIT","https://github.com/evanw/node-source-map-support"
"source-map@0.6.1","BSD-3-Clause","https://github.com/mozilla/source-map"
"spawn-sync@1.0.15","MIT","https://github.com/ForbesLindesay/spawn-sync"
"spdx-correct@3.2.0","Apache-2.0","https://github.com/jslicense/spdx-correct.js"
"spdx-exceptions@2.5.0","CC-BY-3.0","https://github.com/kemitchell/spdx-exceptions.json"
"spdx-expression-parse@3.0.1","MIT","https://github.com/jslicense/spdx-expression-parse.js"
"spdx-license-ids@3.0.22","CC0-1.0","https://github.com/jslicense/spdx-license-ids"
"split-text-to-chunks@1.0.0","MIT","https://github.com/srcagency/wrap-words"
"sshpk@1.18.0","MIT","https://github.com/joyent/node-sshpk"
"ssri@10.0.6","ISC","https://github.com/npm/ssri"
"stdin-discarder@0.2.2","MIT","https://github.com/sindresorhus/stdin-discarder"
"streamx@2.22.1","MIT","https://github.com/mafintosh/streamx"
"string-length@1.0.1","MIT","https://github.com/sindresorhus/string-length"
"string-width@1.0.2","MIT","https://github.com/sindresorhus/string-width"
"string-width@4.2.3","MIT","https://github.com/sindresorhus/string-width"
"string-width@5.1.2","MIT","https://github.com/sindresorhus/string-width"
"string-width@6.1.0","MIT","https://github.com/sindresorhus/string-width"
"string-width@7.2.0","MIT","https://github.com/sindresorhus/string-width"
"string_decoder@1.1.1","MIT","https://github.com/nodejs/string_decoder"
"string_decoder@1.3.0","MIT","https://github.com/nodejs/string_decoder"
"strip-ansi@3.0.1","MIT","https://github.com/chalk/strip-ansi"
"strip-ansi@6.0.1","MIT","https://github.com/chalk/strip-ansi"
"strip-ansi@7.1.0","MIT","https://github.com/chalk/strip-ansi"
"strip-ansi@7.1.2","MIT","https://github.com/chalk/strip-ansi"
"strip-bom-buf@1.0.0","MIT","https://github.com/sindresorhus/strip-bom-buf"
"strip-bom-buf@3.0.1","MIT","https://github.com/sindresorhus/strip-bom-buf"
"strip-bom-stream@2.0.0","MIT","https://github.com/sindresorhus/strip-bom-stream"
"strip-bom-stream@5.0.0","MIT","https://github.com/sindresorhus/strip-bom-stream"
"strip-bom@2.0.0","MIT","https://github.com/sindresorhus/strip-bom"
"strip-final-newline@3.0.0","MIT","https://github.com/sindresorhus/strip-final-newline"
"strip-indent@1.0.1","MIT","https://github.com/sindresorhus/strip-indent"
"strip-json-comments@2.0.1","MIT","https://github.com/sindresorhus/strip-json-comments"
"strip-json-comments@3.1.1","MIT","https://github.com/sindresorhus/strip-json-comments"
"sudo-block@1.2.0","MIT","https://github.com/sindresorhus/sudo-block"
"supports-color@2.0.0","MIT","https://github.com/chalk/supports-color"
"supports-color@3.2.3","MIT","https://github.com/chalk/supports-color"
"supports-color@7.2.0","MIT","https://github.com/chalk/supports-color"
"supports-color@8.1.1","MIT","https://github.com/chalk/supports-color"
"supports-preserve-symlinks-flag@1.0.0","MIT","https://github.com/inspect-js/node-supports-preserve-symlinks-flag"
"tablemark@3.1.0","MIT","https://github.com/haltcase/tablemark"
"tabtab@1.3.2","MIT","https://github.com/mklabs/node-tabtab"
"taketalk@1.0.0","MIT","https://github.com/stephenplusplus/taketalk"
"tar@6.2.1","ISC","https://github.com/isaacs/node-tar"
"teex@1.0.1","MIT","https://github.com/mafintosh/teex"
"text-decoder@1.2.3","Apache-2.0","https://github.com/holepunchto/text-decoder"
"text-table@0.2.0","MIT","https://github.com/substack/text-table"
"textextensions@6.11.0","Artistic-2.0","https://github.com/bevry/textextensions"
"through2@3.0.2","MIT","https://github.com/rvagg/through2"
"through@2.3.8","MIT","https://github.com/dominictarr/through"
"timed-out@2.0.0","MIT","https://github.com/floatdrop/timed-out"
"titleize@1.0.1","MIT","https://github.com/sindresorhus/titleize"
"tmp@0.0.29","MIT","https://github.com/raszi/node-tmp"
"to-regex-range@5.0.1","MIT","https://github.com/micromatch/to-regex-range"
"tough-cookie@2.5.0","BSD-3-Clause","https://github.com/salesforce/tough-cookie"
"treeverse@3.0.0","ISC","https://github.com/npm/treeverse"
"trim-newlines@5.0.0","MIT","https://github.com/sindresorhus/trim-newlines"
"tslib@2.8.1","0BSD","https://github.com/Microsoft/tslib"
"tuf-js@2.2.1","MIT","https://github.com/theupdateframework/tuf-js"
"tunnel-agent@0.6.0","Apache-2.0","https://github.com/mikeal/tunnel-agent"
"tweetnacl@0.14.5","Unlicense","https://github.com/dchest/tweetnacl-js"
"twig@0.8.9","BSD-2-Clause","https://github.com/justjohn/twig.js"
"type-check@0.4.0","MIT","https://github.com/gkz/type-check"
"type-fest@0.20.2","(MIT OR CC0-1.0)","https://github.com/sindresorhus/type-fest"
"type-fest@0.21.3","(MIT OR CC0-1.0)","https://github.com/sindresorhus/type-fest"
"type-fest@3.13.1","(MIT OR CC0-1.0)","https://github.com/sindresorhus/type-fest"
"type-fest@4.41.0","(MIT OR CC0-1.0)","https://github.com/sindresorhus/type-fest"
"typedarray@0.0.6","MIT","https://github.com/substack/typedarray"
"uid-number@0.0.5","ISC","https://github.com/isaacs/uid-number"
"undici-types@7.10.0","MIT","https://github.com/nodejs/undici"
"unicorn-magic@0.1.0","MIT","https://github.com/sindresorhus/unicorn-magic"
"unicorn-magic@0.3.0","MIT","https://github.com/sindresorhus/unicorn-magic"
"unique-filename@3.0.0","ISC","https://github.com/npm/unique-filename"
"unique-slug@4.0.0","ISC","https://github.com/npm/unique-slug"
"universal-user-agent@7.0.3","ISC","https://github.com/gr2m/universal-user-agent"
"untildify@2.1.0","MIT","https://github.com/sindresorhus/untildify"
"untildify@5.0.0","MIT","https://github.com/sindresorhus/untildify"
"unzip-response@1.0.2","MIT","https://github.com/sindresorhus/unzip-response"
"update-notifier@0.6.3","BSD-2-Clause","https://github.com/yeoman/update-notifier"
"upper-case-first@2.0.2","MIT","https://github.com/blakeembrey/change-case"
"uri-js@4.4.1","BSD-2-Clause","https://github.com/garycourt/uri-js"
"url-parse-lax@1.0.0","MIT","https://github.com/sindresorhus/url-parse-lax"
"user-home@2.0.0","MIT","https://github.com/sindresorhus/user-home"
"util-deprecate@1.0.2","MIT","https://github.com/TooTallNate/util-deprecate"
"uuid@2.0.3","MIT","https://github.com/defunctzombie/node-uuid"
"uuid@3.4.0","MIT","https://github.com/uuidjs/uuid"
"validate-npm-package-license@3.0.4","Apache-2.0","https://github.com/kemitchell/validate-npm-package-license.js"
"validate-npm-package-name@5.0.1","ISC","https://github.com/npm/validate-npm-package-name"
"verror@1.10.0","MIT","https://github.com/davepacheco/node-verror"
"version-range@4.15.0","Artistic-2.0","https://github.com/bevry/version-range"
"vinyl-file@3.0.0","MIT","https://github.com/sindresorhus/vinyl-file"
"vinyl-file@5.0.0","MIT","https://github.com/sindresorhus/vinyl-file"
"vinyl@2.2.1","MIT","https://github.com/gulpjs/vinyl"
"vinyl@3.0.1","MIT","https://github.com/gulpjs/vinyl"
"visit-values@2.0.0","MIT","https://github.com/kessler/node-visit-values"
"walk-up-path@3.0.1","ISC","https://github.com/isaacs/walk-up-path"
"walk@2.3.15","(MIT OR Apache-2.0)","https://git.coolaj86.com/coolaj86/fs-walk.js"
"which-package-manager@0.0.1","MIT*",""
"which@2.0.2","ISC","https://github.com/isaacs/node-which"
"which@4.0.0","ISC","https://github.com/npm/node-which"
"widest-line@1.0.0","MIT","https://github.com/sindresorhus/widest-line"
"win-release@1.1.1","MIT","https://github.com/sindresorhus/win-release"
"word-wrap@1.2.5","MIT","https://github.com/jonschlinkert/word-wrap"
"workerpool@6.5.1","Apache-2.0","https://github.com/josdejong/workerpool"
"wrap-ansi@2.1.0","MIT","https://github.com/chalk/wrap-ansi"
"wrap-ansi@6.2.0","MIT","https://github.com/chalk/wrap-ansi"
"wrap-ansi@7.0.0","MIT","https://github.com/chalk/wrap-ansi"
"wrap-ansi@8.1.0","MIT","https://github.com/chalk/wrap-ansi"
"wrappy@1.0.2","ISC","https://github.com/npm/wrappy"
"write-file-atomic@1.3.4","ISC","https://github.com/iarna/write-file-atomic"
"write-file-atomic@5.0.1","ISC","https://github.com/npm/write-file-atomic"
"xdg-basedir@2.0.0","MIT","https://github.com/sindresorhus/xdg-basedir"
"xmlhttprequest@1.8.0","MIT","https://github.com/driverdan/node-XMLHttpRequest"
"y18n@5.0.8","ISC","https://github.com/yargs/y18n"
"yallist@4.0.0","ISC","https://github.com/isaacs/yallist"
"yargs-parser@20.2.9","ISC","https://github.com/yargs/yargs-parser"
"yargs-unparser@2.0.0","MIT","https://github.com/yargs/yargs-unparser"
"yargs@16.2.0","MIT","https://github.com/yargs/yargs"
"yeoman-assert@3.1.1","BSD-2-Clause","https://github.com/yeoman/yeoman-assert"
"yeoman-character@1.1.0","MIT","https://github.com/yeoman/yeoman-character"
"yeoman-doctor@2.1.0","BSD-2-Clause","https://github.com/yeoman/doctor"
"yeoman-environment@1.6.6","BSD-2-Clause","https://github.com/yeoman/environment"
"yeoman-environment@4.4.3","BSD-2-Clause","https://github.com/yeoman/environment"
"yeoman-generator@7.5.1","BSD-2-Clause","https://github.com/yeoman/generator"
"yeoman-test@10.1.1","MIT","https://github.com/yeoman/yeoman-test"
"yo@1.8.5","BSD-2-Clause","https://github.com/yeoman/yo"
"yocto-queue@0.1.0","MIT","https://github.com/sindresorhus/yocto-queue"
"yocto-queue@1.2.1","MIT","https://github.com/sindresorhus/yocto-queue"
"yoctocolors-cjs@2.1.3","MIT","https://github.com/sindresorhus/yoctocolors"
"yoctocolors@2.1.2","MIT","https://github.com/sindresorhus/yoctocolors"
"yosay@1.2.1","BSD-2-Clause","https://github.com/yeoman/yosay"
"yosay@3.0.0","BSD-2-Clause","https://github.com/yeoman/yosay"